clerk_id,username,preferences,recommended_job_ids,interested_job_ids,not_interested_job_ids,saved_jobs_ids,is_pro,resume_text,resume_path,resume_keywords,pro_expiration_date,preferred_address,bookmarks,autofill_limit
user_2vDkX7067FAAZvoU8PEuzOGI8jn,None,"{'jobPreferences': ['Frontend Development', 'Backend Development', 'Full Stack Development', 'Machine Learning', 'Mobile Development'], 'culturalPreferences': ['Work-Life Balance'], 'countryPreferences': ['India', 'United States', 'United Kingdom'], 'workPreferences': [], 'jobTypePreferences': ['Internship', 'Contract'], 'companyPreferences': ['Startups', 'Domestic Firms']}","['in-8da93d913f4812c0', 'gd-1009693955072', 'gd-1009668237243', 'in-d24e2c176f923606', 'gd-1009665554046', 'gd-1009696227576', 'zr-mUXlZyyL85top5OD49-_Ig', 'gd-1009694424331', 'in-866d512f6aa6e934', 'in-9eccb16e11ead4a5', 'zr-TWnn5RCTltq7_RgjRLxjug', 'gd-1009672319584', 'in-ad0c7d9d624b26f2', 'in-c8f0dbcb56aa5b34', 'zr-hpkbpCPMRoNF_5hox2ct-w', 'zr-GQA06z5lJEHObBAVYVEBOA', 'in-f15368ef97c4ecdb', 'in-6cd2c819f520d1cc', 'in-2651d216f71f8d03', 'in-40c0fdfa42d13e62', 'zr-VEmlzl-CCaI7Qg16xRz7VQ', 'zr-RwQQqeqHAHhm2pLn2cf9Aw', 'gd-1009673614923', 'gd-1009666507603', 'gd-1009660652875', 'gd-1009695124270', 'in-350c88289e15ffce', 'in-7525f8a43d9cf410', 'in-a677813daceb8023', 'in-da752c435559857d', 'in-f22aca751d67ab71', 'in-0f03068bf78e20e2', 'in-3c27f5a83e18d78d', 'in-b46f4476cc62b60f', 'in-7f9f737b2e1bd385', 'in-f7b199dbe4fb5a50', 'in-83913d3fcd0b736b', 'in-2de612452e2a0c8f', 'in-fae19ea906762a10', 'in-a1eeeb5467b8168a', 'in-fdc6052800c5467e', 'in-c0aeb044e8980b79', 'in-28c3bd67e4d3f35f', 'in-a0c46377fa3dc14d', 'in-ca63f49fb6cbedea', 'zr-zr25wRzCnF_AWIFL_5WFOw', 'zr-JkJhjCraYHgeP585Fr1gOw', 'gd-1009684852577', 'gd-1009685509447', 'gd-1009676053302']",[],[],None,True,"Soham Mhatre Email: ichbinsoham@gmail.com
Mumbai, India Mobile: +91 8087560491
Github: https://github.com/SohamMhatre09 LinkedIn: https://linkedin.com/in/mhatresoham
Education
Pimpri Chinchwad College of Engineering Pune, India
B.Tech in Computer Science and Engineering (AIML), CGPA: 9.43/10.0 (Top 5%) Aug 2022 - May 2026
Gaurav College Mumbai, India
Senior Secondary, Percentage: 7.75/10.0 Jun 2020 - May 2022
Technical Skills
Languages Python (Advanced), JavaScript (Intermediate), C/C++ (Intermediate), SQL
Frameworks TensorFlow, PyTorch, React, Node.js, Express, Pandas, Matplotlib, Hugging Face
AI/ML Deep Learning, Transformers, RAG, Computer Vision, NLP, Medical Image Analysis
Cloud & DevOps Azure (Certified), AWS, Git, Docker, CI/CD Pipelines
Databases MongoDB, MySQL, PostgreSQL, Vector Databases (FAISS)
Tools Jupyter, MediaPipe, VSCode, FFmpeg, LaTeX, Agora, Salesforce API
Experience
WYSWYG Intern
Spearheading AI document workflows for enterprise clients Jan 2025 - Present
•Architected an AI document workflow system reducing document processing time by 65% for 3 enterprise clients
•Optimized vector synchronization processes resulting in 40% faster retrieval times across 200+ documents
•Integrated Salesforce with natural language capabilities, increasing customer service efficiency by 35%
•Contributed to OpenWebUI backend, implementing RAG systems that improved answer relevance by 28%
TE Connectivity Freelancer
ML-driven lead qualification and conversion optimization Jan 2025 - Present
•Constructed ML model analyzing 50K+ customer interactions to identify high-value leads with 78% accuracy
•Devised predictive algorithms boosting conversion rates by 22% by prioritizing top 15% of qualified leads
•Delivered actionable insights that increased sales team efficiency by 30% through targeted outreach
PCCOE, Pune Research Intern
Advanced medical image segmentation research Jun 2024 - Sep 2024
•Pioneered a Dual-Stage Segmentation Framework achieving 95% diagnostic accuracy across 1,200+ cellular images
•Customized Cellpose architecture improving processing speed by 40% while maintaining diagnostic precision
•Published first-author research in IEEE PUNECON 2024 with novel contributions cited by 3 research groups
•Analyzed 2,500+ medical imaging samples to validate model robustness across diverse patient demographics
Publications
•Enhancing Nucleus and Cytoplasm Segmentation in Cervical Cytology Using Deep Learning
IEEE Pune Section International Conference (PuneCon) — December 2024
- Led 4-person research team developing dual-task segmentation approach for cancer detection
- Achieved 99.3% accuracy, 83.91% IoU, and 91.04% Dice Coefficient across 2,000+ test samples
- DOI: 10.1109/PuneCon63413.2024.10895296
•A Hybrid CNN-GLCM Framework for Fetal Brain Abnormality Detection in Low-Quality
Images
Global Conference on Cognitive Computing and Communication Technology (GC4T-25) — 2025
- Developed hybrid framework increasing detection accuracy by 23% compared to standard methods
- Tested across 1,500+ low-quality fetal images from 7 rural healthcare centers with 87% accuracy
- Reduced diagnostic equipment requirements by 60%, making solution viable for resource-limited settingsProjects
/gtbAutomated Shorts Generator (Jan 2025)
•Tools: Python, Azure Speech Service, MediaPipe, FFmpeg
•Constructed end-to-end pipeline processing 3+ hours of podcast content into 20+ social media shorts in under 15
minutes
•Formulated facial detection algorithm maintaining subject framing with 93% accuracy during aspect ratio
conversion
•Decreased manual editing requirements by 85%, saving approximately 40 hours of post-production time per project
•Developed semantic highlight extraction system with 76% accuracy in identifying engaging content segments
/gtbSales Assistant With Live Call Suggestions (Aug 2024)
•Tools: React, Gemini API, Mongoose, Agora, Azure
•Launched AI-driven system analyzing 2,000+ customer interactions to provide real-time conversation guidance
•Programmed prediction models offering context-aware suggestions with 82% relevance rating from sales teams
•Cut new sales representative training time by 40% through AI-assisted coaching across 15 client organizations
•Produced visualization dashboard processing 50+ metrics for evaluation of 100+ daily customer interactions
/gtbHarmful Brain Activity Classification (Nov 2024)
•Tools: TensorFlow, EfficientNet, Wavelet Transforms, ICA
•Designed ensemble model analyzing 15,000+ EEG segments to identify 5 distinct seizure categories with 92%
accuracy
•Applied ICA preprocessing reducing signal noise by 65% and improving feature extraction quality
•Created novel spectral pattern detection algorithm processing 128-channel EEG data in under 3 seconds per sample
•Collaborated with 2 neurologists to validate model results against 300+ clinically confirmed cases
Certifications
•Microsoft Certified: Azure AI Engineer Associate (AI-102) — Certificate ID: MS-12345 — Feb 2025
•Stanford University & DeepLearning.AI Machine Learning Specialization — March 2024
•Stanford University & DeepLearning.AI Deep Learning Specialization — January 2024
•OracleCloud Generative AI Certified Professional — November 2023
Achievements
•GATE DA 2025: Secured All India Rank 915 (top 3%) & GATE CS: All India Rank 5335 (top 8%)
•Awarded consecutive Gold Medals for academic excellence in first and second year of B.Tech (top 1%)
•Ranked 10th among 300+ teams in IndoML National Level Datathon (top 3.3%)
•Led 4-person team to 1st Place victory in Hactopia Hackathon at PCCOE against 50+ competing teams
•Secured 2nd Place among 75 teams in PICT Dataquest Datathon, recognized for novel approach to data
analysis
•Received Special Recognition with 4th Place in Cavista Hackathon for innovative healthcare solution
•Placed 40th among 4,500+ participants (top 1%) in the Vultr Cloud National hackathon",resume\user_2vDkX7067FAAZvoU8PEuzOGI8jn_Soham_Resume_3.pdf,"['vscode', 'cellpose', 'computer vision', 'mongodb', 'ffmpeg', 'ieee', 'azure speech service', 'research intern', 'healthcare', 'cnn', 'azure', 'ci/cd pipelines', 'cloud', 'medical image analysis', 'mediapipe', 'azure ai engineer associate', 'agora', 'efficientnet', 'faiss', 'wavelet transforms', 'lead qualification', 'eeg', 'oraclecloud generative ai certified professional', 'express', 'aws', 'pandas', 'engineering', 'computer science', 'docker', 'data analysis', 'databases', 'intern', 'jupyter', 'machine learning', 'nlp', 'b.tech', 'git', 'ica', 'devops', 'aiml', 'freelancer', 'transformers', 'pytorch', 'sql', 'latex', 'rag', 'mongoose', 'matplotlib', 'ai', 'c++', 'deep learning', 'postgresql', 'mysql', 'gemini api', 'react', 'node.js', 'javascript', 'hugging face', 'glcm', 'tensorflow', 'salesforce api', 'python']",None,None,None,50.0
user_2uzkAHt0zUe0RHMkeIvR1exT0oj,None,"{'jobPreferences': ['Frontend Development', 'Backend Development', 'Full Stack Development', 'Cybersecurity', 'Product Management'], 'culturalPreferences': ['Remote Work', 'Flexible Hours', 'Work-Life Balance', 'Charity & Volunteering', 'Hackathons', 'Datathons', 'Professional Development', 'Diversity & Inclusion', 'Mentorship', 'Startup Culture', 'Enterprise Environment'], 'countryPreferences': ['India', 'United States', 'Canada', 'United Kingdom', 'Germany', 'Australia', 'Singapore', 'Netherlands', 'Switzerland', 'Sweden', 'Remote (No Country Preference)'], 'workPreferences': ['Remote', 'In-Person', 'Hybrid'], 'jobTypePreferences': ['Internship', 'Part-time', 'Full-time', 'Contract', 'Freelance'], 'companyPreferences': ['Startups', 'Domestic Firms', 'Multinational Corporations (MNCs)', 'Government Organizations', 'Research Institutes']}",None,[],[],None,False,"Mihir Pande
♂phone+91-8329003719 /envel⌢pemeeheer123@gmail.com /linkedinlinkedin.com/in/meeheer123 /githubgithub.com/meeheer123
Education
Pimpri Chinchwad College of Engineering, Pune November 2022 – June 2026
Bachelor of Technology in Computer Science CGPA: 8.5/10
Technical Skills
Languages : Python, SQL, C++, C
Web Technologies : HTML, CSS, JavaScript
Frameworks : Django, Flask, Express.js, React.js, Node.js
Databases : MongoDB, MySQL, PostgreSQL
Tools : Docker, Git, Github, VS Code, Linux
Version Control : Git, GitHub
Projects
Rajpath - Voter Booth Locator June 2023 – August 2023
–Developed a React-based web app with Flask backend, utilizing Google Maps API to help voters locate booths with just 5
clicks, reducing manual queries by 70%.
–Led data accuracy improvements and collaborated with local agencies, benefiting over 1,500 voters during the election process.
–Collaborated with a startup to scale the application for over 100,000 users during the 2024 elections, optimizing performance
and user satisfaction by enhancing the UI/UX experience.
BNS Saral January 2024 – February 2024
–Engineered a web application to automate transitions between 6 major legal frameworks, improving efficiency for over 1,000
legal professionals.
–Designed and implemented Python-based web scraping that automated the integration of 1,500+ legal updates, ensuring
real-time compliance and improving platform accuracy by 30%.
–Deployed the project on Railway using Docker, achieving high availability and reducing manual labor by 50%.
CodeCollab - Real-time Collaborative Code Editor January 2025 – February 2025
–Built a application using pure HTML CSS and Javascript, designed to streamline coding interviews with a collaborative code
editor supporting 50+ programming languages.
–Engineered a real-time synchronization feature using WebSocket technology, which streamlined communication for 5+ users,
leading to enhanced collaboration and a notable reduction in project completion times of up to 25%.
–Developed real-time output sharing capabilities, facilitating seamless collaboration among 5+ developers; this innovation
reduced project turnaround times by 20%, enhancing efficiency in project delivery and enabling faster feedback loops.
Achievements
•Successfully obtained Japanese Language Proficiency Test (JLPT) N5 Certification, demonstrating basic Japanese language
competency.
•Tackled a diverse array of more than 150 complex data structure and algorithm problems across platforms like Leetcode and
GeeksForGeeks, illustrating strong analytical capabilities essential for competitive programming success.
•Secured 2nd place out of 100+ participants in the CESA Query Contest for exceptional proficiency in SQL querying
techniques.
•Earned 5-star ratings in Python and C++ on HackerRank, demonstrating expertise in core programming languages.
Positions of Responsibility
GDSC PCCoE October 2023 – August 2024
Web Executive
–Spearheaded planning for “Alphabyte,” a nationwide hackathon that attracted an impressive participant count exceeding 200
individuals; established strategic alliances with three prominent technology sponsors to elevate brand recognition.
Extracurricular Activities
PCCoE Coding Club February 2023 – Present
Core Member
–Orchestrated programming contests every week that attracted participation from over 50 peers; strengthened collaborative
learning environments fostering deeper understanding of complex algorithms alongside fundamental data structure concepts.
–Mentored junior students focusing on foundational Python and C++ skills; empowered them to solve an average of 10
advanced data structure problems weekly from platforms like Leetcode with significant success rates.
Coding Platform Profiles
•Hackerrank — GeeksforGeeks — Codechef — Leetcode",resume/user_2uzkAHt0zUe0RHMkeIvR1exT0oj_Mihir_Resume.pdf,"['flask', 'data structure', 'leetcode', 'jlpt n5', 'mysql', 'databases', 'postgresql', 'codechef', 'version control', 'web scraping', 'vscode', 'github', 'hackathon', 'c++', 'express.js', 'mongodb', 'google maps api', 'legal frameworks', 'programming languages', 'backend', 'css', 'django', 'linux', 'ui/ux', 'javascript', 'docker', 'computer science', 'hackerrank', 'c', 'legal', 'react.js', 'git', 'algorithms', 'web executive', 'web app', 'python', 'node.js', 'websocket', 'sql', 'geeksforgeeks', 'html', 'web technologies']",None,None,None,50.0
user_2vD791hiUyBYxczNoj8PWieRGrW,None,"{'jobPreferences': ['Frontend Development', 'Backend Development', 'Full Stack Development', 'Machine Learning', 'UI/UX Design'], 'culturalPreferences': ['Remote Work', 'Flexible Hours', 'Work-Life Balance', 'Hackathons', 'Startup Culture'], 'countryPreferences': ['India'], 'workPreferences': ['Remote', 'In-Person', 'Hybrid'], 'jobTypePreferences': ['Internship', 'Part-time', 'Full-time', 'Contract', 'Freelance'], 'companyPreferences': ['Startups', 'Domestic Firms', 'Multinational Corporations (MNCs)', 'Government Organizations', 'Research Institutes']}",None,[],[],None,False,"Mihir Pande
♂phone+91-8329003719 /envel⌢pemeeheer123@gmail.com /linkedinlinkedin.com/in/meeheer123 /githubgithub.com/meeheer123
Education
Pimpri Chinchwad College of Engineering, Pune November 2022 – June 2026
Bachelor of Technology in Computer Science CGPA: 8.5/10
Technical Skills
Languages : Python, SQL, C++, C
Web Technologies : HTML, CSS, JavaScript
Frameworks : Django, Flask, Express.js, React.js, Node.js
Databases : MongoDB, MySQL, PostgreSQL
Tools : Docker, Git, Github, VS Code, Linux
Version Control : Git, GitHub
Projects
Rajpath - Voter Booth Locator June 2023 – August 2023
–Developed a React-based web app with Flask backend, utilizing Google Maps API to help voters locate booths with just 5
clicks, reducing manual queries by 70%.
–Led data accuracy improvements and collaborated with local agencies, benefiting over 1,500 voters during the election process.
–Collaborated with a startup to scale the application for over 100,000 users during the 2024 elections, optimizing performance
and user satisfaction by enhancing the UI/UX experience.
BNS Saral January 2024 – February 2024
–Engineered a web application to automate transitions between 6 major legal frameworks, improving efficiency for over 1,000
legal professionals.
–Designed and implemented Python-based web scraping that automated the integration of 1,500+ legal updates, ensuring
real-time compliance and improving platform accuracy by 30%.
–Deployed the project on Railway using Docker, achieving high availability and reducing manual labor by 50%.
CodeCollab - Real-time Collaborative Code Editor January 2025 – February 2025
–Built a application using pure HTML CSS and Javascript, designed to streamline coding interviews with a collaborative code
editor supporting 50+ programming languages.
–Engineered a real-time synchronization feature using WebSocket technology, which streamlined communication for 5+ users,
leading to enhanced collaboration and a notable reduction in project completion times of up to 25%.
–Developed real-time output sharing capabilities, facilitating seamless collaboration among 5+ developers; this innovation
reduced project turnaround times by 20%, enhancing efficiency in project delivery and enabling faster feedback loops.
Achievements
•Successfully obtained Japanese Language Proficiency Test (JLPT) N5 Certification, demonstrating basic Japanese language
competency.
•Tackled a diverse array of more than 150 complex data structure and algorithm problems across platforms like Leetcode and
GeeksForGeeks, illustrating strong analytical capabilities essential for competitive programming success.
•Secured 2nd place out of 100+ participants in the CESA Query Contest for exceptional proficiency in SQL querying
techniques.
•Earned 5-star ratings in Python and C++ on HackerRank, demonstrating expertise in core programming languages.
Positions of Responsibility
GDSC PCCoE October 2023 – August 2024
Web Executive
–Spearheaded planning for “Alphabyte,” a nationwide hackathon that attracted an impressive participant count exceeding 200
individuals; established strategic alliances with three prominent technology sponsors to elevate brand recognition.
Extracurricular Activities
PCCoE Coding Club February 2023 – Present
Core Member
–Orchestrated programming contests every week that attracted participation from over 50 peers; strengthened collaborative
learning environments fostering deeper understanding of complex algorithms alongside fundamental data structure concepts.
–Mentored junior students focusing on foundational Python and C++ skills; empowered them to solve an average of 10
advanced data structure problems weekly from platforms like Leetcode with significant success rates.
Coding Platform Profiles
•Hackerrank — GeeksforGeeks — Codechef — Leetcode",resume/user_2vD791hiUyBYxczNoj8PWieRGrW_Mihir_Resume.pdf,"['flask', 'leetcode', 'jlpt n5', 'mysql', 'postgresql', 'codechef', 'web scraping', 'vscode', 'github', 'c++', 'express.js', 'mongodb', 'google maps api', 'css', 'django', 'linux', 'javascript', 'docker', 'computer science', 'hackerrank', 'c', 'react.js', 'git', 'web executive', 'python', 'node.js', 'websocket', 'sql', 'geeksforgeeks', 'html']",None,None,None,50.0
user_2uzCPzvEQHEKGPTnqepqt4qxlkG,None,"{'jobPreferences': ['Frontend Development', 'Backend Development', 'Full Stack Development', 'Software Engineering', 'Data Science', 'DevOps', 'Mobile Development', 'Machine Learning', 'UI/UX Design', 'Product Management', 'Quality Assurance', 'Cybersecurity', 'Cloud Computing', 'Blockchain Development', 'Embedded Systems'], 'culturalPreferences': [], 'countryPreferences': [], 'workPreferences': [], 'jobTypePreferences': [], 'companyPreferences': []}",None,['li-4198160075'],[],None,True,None,None,None,None,None,None,50.0
user_2vDga7MtxCoKhcIe2txA1mWX16u,None,None,None,[],[],None,False,None,None,None,None,None,None,50.0
user_2vCXNTRjZnmnRxNBZU36RWiz5Gl,None,"{'jobPreferences': ['Frontend Development', 'Backend Development', 'Full Stack Development', 'Software Engineering', 'Data Science', 'DevOps', 'Mobile Development', 'Machine Learning', 'UI/UX Design', 'Product Management', 'Quality Assurance', 'Cybersecurity', 'Cloud Computing', 'Blockchain Development', 'Embedded Systems'], 'culturalPreferences': [], 'countryPreferences': [], 'workPreferences': [], 'jobTypePreferences': [], 'companyPreferences': []}",None,[],[],None,True,"Soham Mhatre Email: ichbinsoham@gmail.com
Mumbai, India Mobile: +91 8087560491
Github: https://github.com/SohamMhatre09 LinkedIn: https://linkedin.com/in/mhatresoham
Education
Pimpri Chinchwad College of Engineering Pune, India
B.Tech in Computer Science and Engineering (AIML), CGPA: 9.43/10.0 (Top 5%) Aug 2022 - May 2026
Gaurav College Mumbai, India
Senior Secondary, Percentage: 7.75/10.0 Jun 2020 - May 2022
Pen Education Society Raigad, India
Secondary, Percentage: 8.96/10.0 Jun 2018 - May 2020
Technical Skills
Languages Python (Advanced), JavaScript (Intermediate), C/C++ (Intermediate), SQL
Frameworks TensorFlow, PyTorch, React, Node.js, Express, Pandas, Matplotlib, Hugging Face
AI/ML Deep Learning, Transformers, RAG, Computer Vision, NLP, Medical Image Analysis
Cloud & DevOps Azure (Certified), AWS, Git, Docker, CI/CD Pipelines
Databases MongoDB, MySQL, PostgreSQL, Vector Databases (FAISS)
Tools Jupyter, MediaPipe, VSCode, FFmpeg, LaTeX, Agora, Salesforce API
Experience
WYSWYG Intern
Spearheading AI document workflows for enterprise clients Jan 2025 - Present
•Architected an AI document workflow system reducing document processing time by 65% for 3 enterprise clients
•Optimized vector synchronization processes resulting in 40% faster retrieval times across 200+ documents
•Integrated Salesforce with natural language capabilities, increasing customer service efficiency by 35%
•Contributed to OpenWebUI backend, implementing RAG systems that improved answer relevance by 28%
TE Connectivity Freelancer
ML-driven lead qualification and conversion optimization Jan 2025 - Present
•Constructed ML model analyzing 50K+ customer interactions to identify high-value leads with 78% accuracy
•Devised predictive algorithms boosting conversion rates by 22% by prioritizing top 15% of qualified leads
•Delivered actionable insights that increased sales team efficiency by 30% through targeted outreach
PCCOE, Pune Research Intern
Advanced medical image segmentation research Jun 2024 - Sep 2024
•Pioneered a Dual-Stage Segmentation Framework achieving 95% diagnostic accuracy across 1,200+ cellular images
•Customized Cellpose architecture improving processing speed by 40% while maintaining diagnostic precision
•Published first-author research in IEEE PUNECON 2024 with novel contributions cited by 3 research groups
•Analyzed 2,500+ medical imaging samples to validate model robustness across diverse patient demographics
Publications
•Enhancing Nucleus and Cytoplasm Segmentation in Cervical Cytology Using Deep Learning
IEEE Pune Section International Conference (PuneCon) — December 2024
- Led 4-person research team developing dual-task segmentation approach for cancer detection
- Achieved 99.3% accuracy, 83.91% IoU, and 91.04% Dice Coefficient across 2,000+ test samples
- DOI: 10.1109/PuneCon63413.2024.10895296
•A Hybrid CNN-GLCM Framework for Fetal Brain Abnormality Detection in Low-Quality
Images
Global Conference on Cognitive Computing and Communication Technology (GC4T-25) — 2025
- Developed hybrid framework increasing detection accuracy by 23% compared to standard methods
- Tested across 1,500+ low-quality fetal images from 7 rural healthcare centers with 87% accuracy
- Reduced diagnostic equipment requirements by 60%, making solution viable for resource-limited settingsProjects
/gtbAutomated Shorts Generator (Jan 2025)
•Tools: Python, Azure Speech Service, MediaPipe, FFmpeg
•Constructed end-to-end pipeline processing 3+ hours of podcast content into 20+ social media shorts in under 15
minutes
•Formulated facial detection algorithm maintaining subject framing with 93% accuracy during aspect ratio
conversion
•Decreased manual editing requirements by 85%, saving approximately 40 hours of post-production time per project
•Developed semantic highlight extraction system with 76% accuracy in identifying engaging content segments
/gtbSales Assistant With Live Call Suggestions (Aug 2024)
•Tools: React, Gemini API, Mongoose, Agora, Azure
•Launched AI-driven system analyzing 2,000+ customer interactions to provide real-time conversation guidance
•Programmed prediction models offering context-aware suggestions with 82% relevance rating from sales teams
•Cut new sales representative training time by 40% through AI-assisted coaching across 15 client organizations
•Produced visualization dashboard processing 50+ metrics for evaluation of 100+ daily customer interactions
/gtbHarmful Brain Activity Classification (Nov 2024)
•Tools: TensorFlow, EfficientNet, Wavelet Transforms, ICA
•Designed ensemble model analyzing 15,000+ EEG segments to identify 5 distinct seizure categories with 92%
accuracy
•Applied ICA preprocessing reducing signal noise by 65% and improving feature extraction quality
•Created novel spectral pattern detection algorithm processing 128-channel EEG data in under 3 seconds per sample
•Collaborated with 2 neurologists to validate model results against 300+ clinically confirmed cases
Certifications
•Microsoft Certified: Azure AI Engineer Associate (AI-102) — Certificate ID: MS-12345 — Feb 2025
•Stanford University & DeepLearning.AI Machine Learning Specialization — March 2024
•Stanford University & DeepLearning.AI Deep Learning Specialization — January 2024
•OracleCloud Generative AI Certified Professional — November 2023
Achievements
•GATE DA 2025: Secured All India Rank 915 (top 3%) & GATE CS: All India Rank 5335 (top 8%)
•Awarded consecutive Gold Medals for academic excellence in first and second year of B.Tech (top 1%)
•Ranked 10th among 300+ teams in IndoML National Level Datathon (top 3.3%)
•Led 4-person team to 1st Place victory in Hactopia Hackathon at PCCOE against 50+ competing teams
•Secured 2nd Place among 75 teams in PICT Dataquest Datathon, recognized for novel approach to data
analysis
•Received Special Recognition with 4th Place in Cavista Hackathon for innovative healthcare solution
•Placed 40th among 4,500+ participants (top 1%) in the Vultr Cloud National hackathon",resume\user_2vCXNTRjZnmnRxNBZU36RWiz5Gl_Soham_Resume_2.pdf,"['nlp', 'cnn', 'artificial intelligence', 'tensorflow', 'postgresql', 'node.js', 'agora', 'mongoose', 'efficientnet', 'rag', 'vscode', 'devops', 'jupyter', 'c/c++', 'latex', 'machine learning', 'azure ai engineer associate', 'aiml', 'matplotlib', 'lead qualification', 'vector databases', 'computer vision', 'image segmentation', 'gate da', 'docker', 'mongodb', 'data analysis', 'pandas', 'sql', 'git', 'deep learning', 'ml', 'ai', 'faiss', 'gate cs', 'engineering', 'cloud', 'data science', 'glcm', 'ci/cd pipelines', 'ffmpeg', 'databases', 'wavelet transforms', 'hugging face', 'pytorch', 'express', 'oraclecloud generative ai certified professional', 'mediapipe', 'computer science', 'structured query language', 'conversion optimization', 'cellpose', 'javascript', 'research intern', 'azure speech service', 'ieee', 'transformers', 'gemini api', 'salesforce api', 'react', 'azure', 'mysql', 'python', 'ica', 'aws', 'medical image analysis']",None,None,None,50.0
user_2vFXRGFXERlqmZUOIhS7cpz5NK7,None,"{'jobPreferences': ['Frontend Development', 'Backend Development', 'Full Stack Development', 'Software Engineering', 'Data Science', 'DevOps', 'Mobile Development', 'Machine Learning', 'UI/UX Design', 'Product Management', 'Quality Assurance', 'Cybersecurity', 'Cloud Computing', 'Blockchain Development', 'Embedded Systems'], 'culturalPreferences': [], 'countryPreferences': [], 'workPreferences': [], 'jobTypePreferences': [], 'companyPreferences': [], 'preferredAddress': {'addressLine1': 'A WING , 403 , ORION BUILDING, CHINCPADA', 'addressLine2': 'NEAR AFZALPURKAR DOCTORS CLINIC,WADGAON ROAD', 'landmark': '', 'city': 'Malappuram,Kerala', 'pincode': '402107', 'state': 'India', 'country': 'India'}}",None,[],"['li-4182143645', 'li-4192631066', 'li-4199594010']",None,True,None,None,None,2025-05-04,None,None,50.0
user_2vFW5vhhGdhCABkW7eghikZmIul,None,"{'jobPreferences': ['Frontend Development', 'Backend Development', 'Full Stack Development', 'Software Engineering', 'Data Science', 'DevOps', 'Mobile Development', 'Machine Learning', 'UI/UX Design', 'Product Management', 'Quality Assurance', 'Cybersecurity', 'Cloud Computing', 'Blockchain Development', 'Embedded Systems'], 'culturalPreferences': [], 'countryPreferences': [], 'workPreferences': [], 'jobTypePreferences': [], 'companyPreferences': []}",None,[],[],None,True,"Soham Mhatre Email: ichbinsoham@gmail.com
Mumbai, India Mobile: +91 8087560491
Github: https://github.com/SohamMhatre09 LinkedIn: https://linkedin.com/in/mhatresoham
Education
Pimpri Chinchwad College of Engineering Pune, India
B.Tech in Computer Science and Engineering (AIML), CGPA: 9.43/10.0 (Top 5%) Aug 2022 - May 2026
Gaurav College Mumbai, India
Senior Secondary, Percentage: 7.75/10.0 Jun 2020 - May 2022
Technical Skills
Languages Python (Advanced), JavaScript (Intermediate), C/C++ (Intermediate), SQL
Frameworks TensorFlow, PyTorch, React, Node.js, Express, Pandas, Matplotlib, Hugging Face
AI/ML Deep Learning, Transformers, RAG, Computer Vision, NLP, Medical Image Analysis
Cloud & DevOps Azure (Certified), AWS, Git, Docker, CI/CD Pipelines
Databases MongoDB, MySQL, PostgreSQL, Vector Databases (FAISS)
Tools Jupyter, MediaPipe, VSCode, FFmpeg, LaTeX, Agora, Salesforce API
Experience
WYSWYG Intern
Spearheading AI document workflows for enterprise clients Jan 2025 - Present
•Architected an AI document workflow system reducing document processing time by 65% for 3 enterprise clients
•Optimized vector synchronization processes resulting in 40% faster retrieval times across 200+ documents
•Integrated Salesforce with natural language capabilities, increasing customer service efficiency by 35%
•Contributed to OpenWebUI backend, implementing RAG systems that improved answer relevance by 28%
TE Connectivity Freelancer
ML-driven lead qualification and conversion optimization Jan 2025 - Present
•Constructed ML model analyzing 50K+ customer interactions to identify high-value leads with 78% accuracy
•Devised predictive algorithms boosting conversion rates by 22% by prioritizing top 15% of qualified leads
•Delivered actionable insights that increased sales team efficiency by 30% through targeted outreach
PCCOE, Pune Research Intern
Advanced medical image segmentation research Jun 2024 - Sep 2024
•Pioneered a Dual-Stage Segmentation Framework achieving 95% diagnostic accuracy across 1,200+ cellular images
•Customized Cellpose architecture improving processing speed by 40% while maintaining diagnostic precision
•Published first-author research in IEEE PUNECON 2024 with novel contributions cited by 3 research groups
•Analyzed 2,500+ medical imaging samples to validate model robustness across diverse patient demographics
Publications
•Enhancing Nucleus and Cytoplasm Segmentation in Cervical Cytology Using Deep Learning
IEEE Pune Section International Conference (PuneCon) — December 2024
- Led 4-person research team developing dual-task segmentation approach for cancer detection
- Achieved 99.3% accuracy, 83.91% IoU, and 91.04% Dice Coefficient across 2,000+ test samples
- DOI: 10.1109/PuneCon63413.2024.10895296
•A Hybrid CNN-GLCM Framework for Fetal Brain Abnormality Detection in Low-Quality
Images
Global Conference on Cognitive Computing and Communication Technology (GC4T-25) — 2025
- Developed hybrid framework increasing detection accuracy by 23% compared to standard methods
- Tested across 1,500+ low-quality fetal images from 7 rural healthcare centers with 87% accuracy
- Reduced diagnostic equipment requirements by 60%, making solution viable for resource-limited settingsProjects
/gtbAutomated Shorts Generator (Jan 2025)
•Tools: Python, Azure Speech Service, MediaPipe, FFmpeg
•Constructed end-to-end pipeline processing 3+ hours of podcast content into 20+ social media shorts in under 15
minutes
•Formulated facial detection algorithm maintaining subject framing with 93% accuracy during aspect ratio
conversion
•Decreased manual editing requirements by 85%, saving approximately 40 hours of post-production time per project
•Developed semantic highlight extraction system with 76% accuracy in identifying engaging content segments
/gtbSales Assistant With Live Call Suggestions (Aug 2024)
•Tools: React, Gemini API, Mongoose, Agora, Azure
•Launched AI-driven system analyzing 2,000+ customer interactions to provide real-time conversation guidance
•Programmed prediction models offering context-aware suggestions with 82% relevance rating from sales teams
•Cut new sales representative training time by 40% through AI-assisted coaching across 15 client organizations
•Produced visualization dashboard processing 50+ metrics for evaluation of 100+ daily customer interactions
/gtbHarmful Brain Activity Classification (Nov 2024)
•Tools: TensorFlow, EfficientNet, Wavelet Transforms, ICA
•Designed ensemble model analyzing 15,000+ EEG segments to identify 5 distinct seizure categories with 92%
accuracy
•Applied ICA preprocessing reducing signal noise by 65% and improving feature extraction quality
•Created novel spectral pattern detection algorithm processing 128-channel EEG data in under 3 seconds per sample
•Collaborated with 2 neurologists to validate model results against 300+ clinically confirmed cases
Certifications
•Microsoft Certified: Azure AI Engineer Associate (AI-102) — Certificate ID: MS-12345 — Feb 2025
•Stanford University & DeepLearning.AI Machine Learning Specialization — March 2024
•Stanford University & DeepLearning.AI Deep Learning Specialization — January 2024
•OracleCloud Generative AI Certified Professional — November 2023
Achievements
•GATE DA 2025: Secured All India Rank 915 (top 3%) & GATE CS: All India Rank 5335 (top 8%)
•Awarded consecutive Gold Medals for academic excellence in first and second year of B.Tech (top 1%)
•Ranked 10th among 300+ teams in IndoML National Level Datathon (top 3.3%)
•Led 4-person team to 1st Place victory in Hactopia Hackathon at PCCOE against 50+ competing teams
•Secured 2nd Place among 75 teams in PICT Dataquest Datathon, recognized for novel approach to data
analysis
•Received Special Recognition with 4th Place in Cavista Hackathon for innovative healthcare solution
•Placed 40th among 4,500+ participants (top 1%) in the Vultr Cloud National hackathon",resume\user_2vFW5vhhGdhCABkW7eghikZmIul_Soham_Resume_3.pdf,"['react', 'research intern', 'docker', 'ieee punecon', 'image segmentation', 'computer engineering', 'freelancer', 'medical image analysis', 'transformers', 'cnn', 'computer science', 'conversion optimization', 'jupyter', 'ica', 'postgresql', 'python', 'azure', 'javascript', 'mongoose', 'mysql', 'intern', 'hugging face', 'mediapipe', 'pandas', 'gate da', 'oraclecloud generative ai certified professional', 'glcm', 'node.js', 'rag', 'healthcare', 'faiss', 'ai', 'ffmpeg', 'azure ai engineer associate', 'express', 'efficientnet', 'computer vision', 'nlp', 'latex', 'machine learning', 'vscode', 'agora', 'data analysis', 'sql', 'ci/cd pipelines', 'salesforce api', 'b.tech', 'aws', 'c++', 'gate cs', 'mongodb', 'deep learning', 'matplotlib', 'git', 'aiml', 'cellpose', 'azure speech service', 'lead qualification', 'tensorflow', 'wavelet transforms', 'gemini api', 'pytorch']",2025-05-04,None,None,50.0
user_2uyzK9nziboqFKc5hzkCVXtReET,None,"{'jobPreferences': ['Frontend Development', 'Backend Development', 'DevOps'], 'culturalPreferences': ['Remote Work'], 'countryPreferences': ['United States'], 'workPreferences': ['Remote', 'Hybrid'], 'jobTypePreferences': ['Internship'], 'companyPreferences': ['Startups', 'Multinational Corporations (MNCs)'], 'preferredAddress': {'addressLine1': '', 'addressLine2': '', 'landmark': '', 'city': '', 'pincode': '', 'state': '', 'country': ''}}",[],"['li-4199887571', 'li-4198160075', 'li-4199580891', 'li-4196485751']",[],None,True,"Omkar Khoche
♂phone+91 7378360027 /envel⌢peomkarkhoche3448@gmail.com /linkedinLinkedIn /githubGitHubὑ7Portfolio Website
Education
Pimpri Chinchwad College of Engineering Pune, Maharashtra
Bachelor of Technology - Computer Science & Engineering (AI & ML) May 2026
Tuljaram Chaturchand College Baramati, Maharashtra
Higher Secondary Education (12th Standard) 2020 - 2021
Experience
Full-Stack Developer – Personal Portfolio Website ὑ7
August 2024 – Present
•Built a full-stack portfolio with a separate admin panel for content management.
•Developed two React frontends: Portfolio for display and Admin Panel for updates.
•Created a Node.js Express backend with authentication and API endpoints.
•Currently working on cloud deployment with a custom domain.
Technical Skills
Web Development : React.js, Node.js, Express.js, MongoDB
Programming Languages : C++, JavaScript, Python
Cloud Services : AWS (EC2, S3), Cloudinary, MongoDB Atlas
Additional Skills : Problem-solving, REST API Development, UI Design
Projects
Ed-Tech Platform (MERN Stack) /github
•Developed a comprehensive educational platform enabling users to generate, access, and evaluate content.
•Implemented client-server architecture using React.js (frontend), Node.js and Express.js (backend), with MongoDB for
data management.
•Integrated RESTful API calls to enhance platform responsiveness and user experience.
•Utilized cloud services like Cloudinary for media management and MongoDB Atlas for database hosting.
MBBS Abroad Consultation Platform /github
•Developed a comprehensive digital platform to streamline the process of selecting and enrolling in international medical
programs.
•Key technologies: AWS (EC2, S3), React.js, Tailwind CSS, KNN-based recommendation system, AI-powered chatbot.
•Implemented a secure user authentication system, KNN-driven college recommendation engine, 24/7 chatbot assistance.
CineFlex - Movie Discovery App /github
•Developed CineFlex, a modern movie discovery platform utilizing React.js and TMDb API.
•Implemented features such as GPT-powered search, modern UI, latest movie releases, and user authentication with
Clerk.
•Designed a responsive interface for seamless movie browsing and access to detailed movie information.
•Technologies used: React.js,Vite, Redux Tailwind CSS, Clerk authentication.
Achievements
Hackathon and Competition Achievements /github
•First place at UI Wars 2024 competition.
•Ranked 40th out of 1500 teams in Vultr Cloud Innovation Hackathon.
∗Developed AI-Powered Customer Care Platform with AI interactions and video communication.
∗Technologies: Node.js, React.js, Agora video calls, GenAI chatbot, PHP.
∗Received $250 Vultr service credits.",resume\user_2uyzK9nziboqFKc5hzkCVXtReET_Omkar-khoche.pdf,"['reactjs', 'computer science', 'full-stack developer', 'engineering', 'ui design', 'gpt', 'api endpoints', 'cloud deployment', 'python', 'nodejs', 'ec2', 'cloudinary', 'machine learning', 'authentication', 'mern stack', 'redux', 'ai', 'video communication', 'chatbot', 'expressjs', 'mongodb atlas', 'knn', 'genai', 'javascript', 'tmdb api', 'client-server architecture', 'vite', 'php', 'clerk', 'artificial intelligence', 'mongodb', 'agora video calls', 'database hosting', 'tailwind css', 'c++', 'aws', 'rest api', 's3']",2025-05-04,None,None,50.0
user_2v9m5BxLe6S2Rw3oBlhyZ4lRFpj,None,"{'jobPreferences': ['Frontend Development', 'Backend Development', 'Full Stack Development', 'Software Engineering', 'Data Science', 'DevOps', 'Mobile Development', 'Machine Learning', 'UI/UX Design', 'Product Management', 'Quality Assurance', 'Cybersecurity', 'Cloud Computing', 'Blockchain Development', 'Embedded Systems'], 'culturalPreferences': ['Remote Work', 'Flexible Hours', 'Work-Life Balance', 'Charity & Volunteering', 'Hackathons', 'Datathons', 'Professional Development', 'Diversity & Inclusion', 'Mentorship', 'Startup Culture', 'Enterprise Environment'], 'countryPreferences': ['India', 'United States', 'Canada', 'United Kingdom', 'Germany', 'Australia', 'Singapore', 'Netherlands', 'Switzerland', 'Sweden', 'Remote (No Country Preference)'], 'workPreferences': ['Remote', 'In-Person', 'Hybrid'], 'jobTypePreferences': ['Internship', 'Part-time', 'Full-time', 'Contract', 'Freelance'], 'companyPreferences': ['Startups', 'Domestic Firms', 'Multinational Corporations (MNCs)', 'Government Organizations', 'Research Institutes'], 'preferredAddress': {'addressLine1': '', 'addressLine2': '', 'landmark': '', 'city': '', 'pincode': '', 'state': '', 'country': ''}}","['in-8da93d913f4812c0', 'gd-1009696227576', 'in-1f3f5a3a58c7e093', 'in-ad0c7d9d624b26f2', 'in-866d512f6aa6e934', 'in-593e420551cd559e', 'in-19e10063b419fa09', 'in-72ddb4c279a7fd22', 'in-409ee6004f4e3a1a', 'in-d24e2c176f923606', 'gd-1009691940459', 'gd-1009689385153', 'gd-1009686362165', 'gd-1009673614923', 'gd-1009672319584', 'gd-1009665554046', 'gd-1009696249020', 'in-63d0f52040692d58', 'in-95bcbab09cc829ce', 'gd-1009693955072', 'gd-1009694424331', 'in-c8f0dbcb56aa5b34', 'in-fb669e35587230a0', 'in-6cd2c819f520d1cc', 'in-9eccb16e11ead4a5', 'in-276bc8f7f339cd00', 'in-ec90a186871d70cf', 'gd-1009689325060', 'gd-1009686362141', 'gd-1009676053302', 'zr-TWnn5RCTltq7_RgjRLxjug', 'gd-1009666507603', 'gd-1009697135933', 'gd-1009696694767', 'gd-1009697770728', 'gd-1009696250200', 'gd-1009695124270', 'zr-mUXlZyyL85top5OD49-_Ig', 'gd-1009696186764', 'in-a7b526d504414dd2', 'in-35f41a2d61300b60', 'in-39bea417b17424fb', 'in-0cea8366759400f3', 'in-510f3cbcdf9404f2', 'in-0205911c793f5ab3', 'in-249219d947b6c8d3', 'in-bf7b60fb380e6ba1', 'in-5c81322624f134a7', 'in-9e24272ba87acf1e', 'in-85cc8a71c3333dff']",[],[],None,True,"Manthan Vijay Barhate Email: Manthanbarhate70@gmail.com
Portfolio: https://barhatemanthan.github.io/portfolio/ Mobile: +91 7385628262
Github: http://www.github.com/BarhateManthan LinkedIn: http://www.linkedin.com/in/manthanbarhate
Education
•Pimpri Chinchwad College of Engineering Pune, India
B.Tech in Computer Science (AI-ML), CGPA: 8.58/10.00 Nov 2022 - Jul 2026
•P.O. Nahata College of Science Bhusawal, India
Class XII (HSC), Percentage: 87.00% 2020 - 2022
Skills
•Languages : Python, C++, JavaScript, SQL
•Frameworks : NLTK, TensorFlow, Deep Learning, Node.JS (Express)
•Tools : GIT, MySQL, MongoDB
•Platforms : Linux, Windows, Azure
Experience
•AAAI (Association for the Advancement of Artificial Intelligence) Coordinator
Managed and volunteered the Agentic AI topics covering RAG and scalability of agents Jan 2025 - present
◦Organized AI tech talk series featuring Wipro’s Director in AI discussing advanced agent architectures
•TE Connectivity Freelancer
Developed ML algorithm to identify high-potential market qualified leads (MQLs) Jan 2025 - present
◦Analyzed customer activity data like cart additions, product views, and interaction timelines with TE
◦Created algorithms to identify top-k MQLs based on customer conversion patterns
Projects
•/githubHDFC Bank Annual Report RAG-Bot (Jan 2025) :
◦Tools: LangChain, Llama 3.1, FAISS, Slack API, OCR
◦Designed a RAG-based chatbot into the Slack platform, attaining a 80% accuracy rate in providing context-relevant
answers to user queries.
◦Established a custom OCR pipeline and tokenization techniques, enhancing embedding quality by 30%.
◦Architected a hybrid search system using FAISS vector database, minimizing search latency by 40%.
•/githubEEG Brain Activity Classification (Nov 2024) :
◦Tools: Python, TensorFlow, EfficientNet, ICA, Wavelet Transforms
◦Accomplished a KL divergence of 0.28 in classifying harmful brain activities into 5 seizure categories using EfficientNet.
◦Converted raw EEG signals into spectrograms using db2/CWT transforms, optimizing signal clarity by 25%.
◦Orchestrated ICA preprocessing, extracting relevant brain signals with 15% higher accuracy.
•/githubGen AI Sales Assistant (Aug 2024) :
◦Tools: AWS S3, Node.js, Vultr API, MongoDB
◦Constructed a platform generating curated sales pitches, elevating customer engagement by 20%.
◦Utilized ML algorithms to analyze customer interactions, delivering actionable insights with 60% accuracy.
◦Spearheaded a backend system supporting 100+ users, including login, S3 buckets, and Gen-AI calls.
•/githubSevaMitra - Streamlining Medical Documentation (Feb 2025) :
◦Tools: Python, RAG, FAISS, OCR, Gemini, Langchain
◦Built a pipeline that synced dynamically from G-Drive to fetch latest documents to append the current vector store.
◦Built a chatbot backed with the vector database to give relevant answer to doctor’s queries.
◦A real-time note addition feature to help doctors for patient’s next clinical trial summarized by Gemini.
Achievements
•Bagged 1st rank in state-level PICT DATAQUEST datathon.
•Achieved 4th rank in Cavista Hackathon.
•Achieved 10th rank in the national hackathon BITS – INDOML.
•Secured 40th rank in the Vultr Cloud National hackathon among 4500 participants.
•Scored 97.47th percentile in MHTCET.
Certifications
•Andrew NG Deep Learning Specialization Nov 2024 – Ongoing /google-drive
•Oracle Gen-AI Professional Certificate Jul 2024 /google-drive
•Andrew NG Machine Learning May – Jul 2024 /google-drive
•AWS Cloud and AI ML Foundations Mar 2024 /google-drive",resume/user_2v9m5BxLe6S2Rw3oBlhyZ4lRFpj_Manthan_AIML_Resume.pdf,"['linux', 'llama 3', 'ica', 'mqls', 'aws s3', 'javascript', 'data science', 'node.js', 'wipro', 'tensorflow', 'machine learning', 'mongodb', 'vultr api', 'bits', 'pict dataquest', 'artificial intelligence', 'oracle', 'ml', 'git', 'rag', 'slack api', 'te connectivity', 'aaai coordinator', 'faiss', 'c++', 'wavelet transforms', 'langchain', 'agentic ai', 'deep learning specialization', 'mysql', 'ocr', 'efficientnet', 'g-drive', 'gemini', 'computer science', 'freelancer', 'aws cloud', 'eeg', 'vultr cloud', 'nltk', 'ai ml foundations', 'hdfc bank', 'bits – indoml', 'gen-ai professional certificate', 'sql', 'deep learning', 'pimpri chinchwad college of engineering', 'windows', 'cavista hackathon', 'azure', 'ai', 'mhtcet', 'python', 'cloud']",2025-05-04,None,None,50.0
